{"Redmi": 0.7709311597412953, "Samsung": 0.01213785771241251, "POCO": 0.19278816337379287, "OnePlus": 0.012270753964738194, "realme": 0.011872065207761141}