{"SKYN": 0.23694439637385017, "TROJAN": 0.2589988152447385, "Trojan": 0.22727000439291276, "LifeStyles": 0.06511827584829807, "LELO": 0.03270723233183797, "NottyBoy": 0.002758882336497118, "Lifestyles": 0.025901545506582715, "Durex": 0.10791589568828956, "Non-Latex": 0.024413945501257972, "OKAMOTO": 0.011421573195245005, "Crown": 0.0020234022443790683, "GLYDE": 0.0045260313361110745}